"TIME","GEO","AGE","UNIT","SEX","INDIC_EM","Value"
"2008","European Union - 28 countries","From 15 to 24 years","Percentage of total population","Males","Total employment (resident population concept - LFS)","40.1"
"2008","European Union - 28 countries","From 15 to 24 years","Percentage of total population","Females","Total employment (resident population concept - LFS)","34.3"
"2008","Belgium","From 15 to 24 years","Percentage of total population","Males","Total employment (resident population concept - LFS)","29.7"
"2008","Belgium","From 15 to 24 years","Percentage of total population","Females","Total employment (resident population concept - LFS)","25.0"
"2008","Bulgaria","From 15 to 24 years","Percentage of total population","Males","Total employment (resident population concept - LFS)","29.3"
"2008","Bulgaria","From 15 to 24 years","Percentage of total population","Females","Total employment (resident population concept - LFS)","23.1"
"2008","Czechia","From 15 to 24 years","Percentage of total population","Males","Total employment (resident population concept - LFS)","32.4"
"2008","Czechia","From 15 to 24 years","Percentage of total population","Females","Total employment (resident population concept - LFS)","23.5"
"2008","Denmark","From 15 to 24 years","Percentage of total population","Males","Total employment (resident population concept - LFS)","67.4"
"2008","Denmark","From 15 to 24 years","Percentage of total population","Females","Total employment (resident population concept - LFS)","65.3"
"2008","Germany (until 1990 former territory of the FRG)","From 15 to 24 years","Percentage of total population","Males","Total employment (resident population concept - LFS)","48.7"
"2008","Germany (until 1990 former territory of the FRG)","From 15 to 24 years","Percentage of total population","Females","Total employment (resident population concept - LFS)","44.5"
"2008","Estonia","From 15 to 24 years","Percentage of total population","Males","Total employment (resident population concept - LFS)","38.9"
"2008","Estonia","From 15 to 24 years","Percentage of total population","Females","Total employment (resident population concept - LFS)","32.9"
"2008","Ireland","From 15 to 24 years","Percentage of total population","Males","Total employment (resident population concept - LFS)","58.5"
"2008","Ireland","From 15 to 24 years","Percentage of total population","Females","Total employment (resident population concept - LFS)","55.6"
"2008","Greece","From 15 to 24 years","Percentage of total population","Males","Total employment (resident population concept - LFS)","28.3"
"2008","Greece","From 15 to 24 years","Percentage of total population","Females","Total employment (resident population concept - LFS)","18.7"
"2008","Spain","From 15 to 24 years","Percentage of total population","Males","Total employment (resident population concept - LFS)","39.3"
"2008","Spain","From 15 to 24 years","Percentage of total population","Females","Total employment (resident population concept - LFS)","32.6"
"2008","France","From 15 to 24 years","Percentage of total population","Males","Total employment (resident population concept - LFS)",":"
"2008","France","From 15 to 24 years","Percentage of total population","Females","Total employment (resident population concept - LFS)",":"
"2008","Croatia","From 15 to 24 years","Percentage of total population","Males","Total employment (resident population concept - LFS)","34.2"
"2008","Croatia","From 15 to 24 years","Percentage of total population","Females","Total employment (resident population concept - LFS)","21.4"
"2008","Italy","From 15 to 24 years","Percentage of total population","Males","Total employment (resident population concept - LFS)","29.0"
"2008","Italy","From 15 to 24 years","Percentage of total population","Females","Total employment (resident population concept - LFS)","19.2"
"2008","Latvia","From 15 to 24 years","Percentage of total population","Males","Total employment (resident population concept - LFS)","42.1"
"2008","Latvia","From 15 to 24 years","Percentage of total population","Females","Total employment (resident population concept - LFS)","31.7"
"2008","Lithuania","From 15 to 24 years","Percentage of total population","Males","Total employment (resident population concept - LFS)","30.1"
"2008","Lithuania","From 15 to 24 years","Percentage of total population","Females","Total employment (resident population concept - LFS)","21.8"
"2008","Luxembourg","From 15 to 24 years","Percentage of total population","Males","Total employment (resident population concept - LFS)","27.0"
"2008","Luxembourg","From 15 to 24 years","Percentage of total population","Females","Total employment (resident population concept - LFS)","20.6"
"2008","Hungary","From 15 to 24 years","Percentage of total population","Males","Total employment (resident population concept - LFS)","23.3"
"2008","Hungary","From 15 to 24 years","Percentage of total population","Females","Total employment (resident population concept - LFS)","17.1"
"2008","Netherlands","From 15 to 24 years","Percentage of total population","Males","Total employment (resident population concept - LFS)","64.8"
"2008","Netherlands","From 15 to 24 years","Percentage of total population","Females","Total employment (resident population concept - LFS)","63.8"
"2008","Austria","From 15 to 24 years","Percentage of total population","Males","Total employment (resident population concept - LFS)","57.6"
"2008","Austria","From 15 to 24 years","Percentage of total population","Females","Total employment (resident population concept - LFS)","51.3"
"2008","Poland","From 15 to 24 years","Percentage of total population","Males","Total employment (resident population concept - LFS)","31.0"
"2008","Poland","From 15 to 24 years","Percentage of total population","Females","Total employment (resident population concept - LFS)","23.7"
"2008","Portugal","From 15 to 24 years","Percentage of total population","Males","Total employment (resident population concept - LFS)","37.7"
"2008","Portugal","From 15 to 24 years","Percentage of total population","Females","Total employment (resident population concept - LFS)","30.3"
"2008","Romania","From 15 to 24 years","Percentage of total population","Males","Total employment (resident population concept - LFS)","29.1"
"2008","Romania","From 15 to 24 years","Percentage of total population","Females","Total employment (resident population concept - LFS)","20.2"
"2008","Slovenia","From 15 to 24 years","Percentage of total population","Males","Total employment (resident population concept - LFS)","43.0"
"2008","Slovenia","From 15 to 24 years","Percentage of total population","Females","Total employment (resident population concept - LFS)","33.2"
"2008","Slovakia","From 15 to 24 years","Percentage of total population","Males","Total employment (resident population concept - LFS)","30.8"
"2008","Slovakia","From 15 to 24 years","Percentage of total population","Females","Total employment (resident population concept - LFS)","21.5"
"2008","Finland","From 15 to 24 years","Percentage of total population","Males","Total employment (resident population concept - LFS)","44.3"
"2008","Finland","From 15 to 24 years","Percentage of total population","Females","Total employment (resident population concept - LFS)","45.1"
"2008","Sweden","From 15 to 24 years","Percentage of total population","Males","Total employment (resident population concept - LFS)","42.2"
"2008","Sweden","From 15 to 24 years","Percentage of total population","Females","Total employment (resident population concept - LFS)","42.1"
"2008","United Kingdom","From 15 to 24 years","Percentage of total population","Males","Total employment (resident population concept - LFS)","53.3"
"2008","United Kingdom","From 15 to 24 years","Percentage of total population","Females","Total employment (resident population concept - LFS)","50.7"
"2008","Iceland","From 15 to 24 years","Percentage of total population","Males","Total employment (resident population concept - LFS)","70.1"
"2008","Iceland","From 15 to 24 years","Percentage of total population","Females","Total employment (resident population concept - LFS)","73.5"
"2008","Norway","From 15 to 24 years","Percentage of total population","Males","Total employment (resident population concept - LFS)","56.5"
"2008","Norway","From 15 to 24 years","Percentage of total population","Females","Total employment (resident population concept - LFS)","58.1"
"2008","Switzerland","From 15 to 24 years","Percentage of total population","Males","Total employment (resident population concept - LFS)",":"
"2008","Switzerland","From 15 to 24 years","Percentage of total population","Females","Total employment (resident population concept - LFS)",":"
"2008","Turkey","From 15 to 24 years","Percentage of total population","Males","Total employment (resident population concept - LFS)","41.3"
"2008","Turkey","From 15 to 24 years","Percentage of total population","Females","Total employment (resident population concept - LFS)","19.8"
"2009","European Union - 28 countries","From 15 to 24 years","Percentage of total population","Males","Total employment (resident population concept - LFS)","36.7"
"2009","European Union - 28 countries","From 15 to 24 years","Percentage of total population","Females","Total employment (resident population concept - LFS)","32.7"
"2009","Belgium","From 15 to 24 years","Percentage of total population","Males","Total employment (resident population concept - LFS)","27.4"
"2009","Belgium","From 15 to 24 years","Percentage of total population","Females","Total employment (resident population concept - LFS)","23.2"
"2009","Bulgaria","From 15 to 24 years","Percentage of total population","Males","Total employment (resident population concept - LFS)","28.0"
"2009","Bulgaria","From 15 to 24 years","Percentage of total population","Females","Total employment (resident population concept - LFS)","21.4"
"2009","Czechia","From 15 to 24 years","Percentage of total population","Males","Total employment (resident population concept - LFS)","31.1"
"2009","Czechia","From 15 to 24 years","Percentage of total population","Females","Total employment (resident population concept - LFS)","21.7"
"2009","Denmark","From 15 to 24 years","Percentage of total population","Males","Total employment (resident population concept - LFS)","62.2"
"2009","Denmark","From 15 to 24 years","Percentage of total population","Females","Total employment (resident population concept - LFS)","62.8"
"2009","Germany (until 1990 former territory of the FRG)","From 15 to 24 years","Percentage of total population","Males","Total employment (resident population concept - LFS)","47.5"
"2009","Germany (until 1990 former territory of the FRG)","From 15 to 24 years","Percentage of total population","Females","Total employment (resident population concept - LFS)","44.4"
"2009","Estonia","From 15 to 24 years","Percentage of total population","Males","Total employment (resident population concept - LFS)","30.0"
"2009","Estonia","From 15 to 24 years","Percentage of total population","Females","Total employment (resident population concept - LFS)","26.7"
"2009","Ireland","From 15 to 24 years","Percentage of total population","Males","Total employment (resident population concept - LFS)","42.9"
"2009","Ireland","From 15 to 24 years","Percentage of total population","Females","Total employment (resident population concept - LFS)","47.8"
"2009","Greece","From 15 to 24 years","Percentage of total population","Males","Total employment (resident population concept - LFS)","27.3"
"2009","Greece","From 15 to 24 years","Percentage of total population","Females","Total employment (resident population concept - LFS)","18.3"
"2009","Spain","From 15 to 24 years","Percentage of total population","Males","Total employment (resident population concept - LFS)","29.4"
"2009","Spain","From 15 to 24 years","Percentage of total population","Females","Total employment (resident population concept - LFS)","26.7"
"2009","France","From 15 to 24 years","Percentage of total population","Males","Total employment (resident population concept - LFS)",":"
"2009","France","From 15 to 24 years","Percentage of total population","Females","Total employment (resident population concept - LFS)",":"
"2009","Croatia","From 15 to 24 years","Percentage of total population","Males","Total employment (resident population concept - LFS)","32.3"
"2009","Croatia","From 15 to 24 years","Percentage of total population","Females","Total employment (resident population concept - LFS)","21.7"
"2009","Italy","From 15 to 24 years","Percentage of total population","Males","Total employment (resident population concept - LFS)","25.9"
"2009","Italy","From 15 to 24 years","Percentage of total population","Females","Total employment (resident population concept - LFS)","16.9"
"2009","Latvia","From 15 to 24 years","Percentage of total population","Males","Total employment (resident population concept - LFS)","29.5"
"2009","Latvia","From 15 to 24 years","Percentage of total population","Females","Total employment (resident population concept - LFS)","25.4"
"2009","Lithuania","From 15 to 24 years","Percentage of total population","Males","Total employment (resident population concept - LFS)","21.2"
"2009","Lithuania","From 15 to 24 years","Percentage of total population","Females","Total employment (resident population concept - LFS)","20.1"
"2009","Luxembourg","From 15 to 24 years","Percentage of total population","Males","Total employment (resident population concept - LFS)","29.1"
"2009","Luxembourg","From 15 to 24 years","Percentage of total population","Females","Total employment (resident population concept - LFS)","24.2"
"2009","Hungary","From 15 to 24 years","Percentage of total population","Males","Total employment (resident population concept - LFS)","20.0"
"2009","Hungary","From 15 to 24 years","Percentage of total population","Females","Total employment (resident population concept - LFS)","16.2"
"2009","Netherlands","From 15 to 24 years","Percentage of total population","Males","Total employment (resident population concept - LFS)","62.5"
"2009","Netherlands","From 15 to 24 years","Percentage of total population","Females","Total employment (resident population concept - LFS)","63.3"
"2009","Austria","From 15 to 24 years","Percentage of total population","Males","Total employment (resident population concept - LFS)","55.8"
"2009","Austria","From 15 to 24 years","Percentage of total population","Females","Total employment (resident population concept - LFS)","50.5"
"2009","Poland","From 15 to 24 years","Percentage of total population","Males","Total employment (resident population concept - LFS)","30.4"
"2009","Poland","From 15 to 24 years","Percentage of total population","Females","Total employment (resident population concept - LFS)","23.2"
"2009","Portugal","From 15 to 24 years","Percentage of total population","Males","Total employment (resident population concept - LFS)","32.5"
"2009","Portugal","From 15 to 24 years","Percentage of total population","Females","Total employment (resident population concept - LFS)","29.2"
"2009","Romania","From 15 to 24 years","Percentage of total population","Males","Total employment (resident population concept - LFS)","28.3"
"2009","Romania","From 15 to 24 years","Percentage of total population","Females","Total employment (resident population concept - LFS)","20.6"
"2009","Slovenia","From 15 to 24 years","Percentage of total population","Males","Total employment (resident population concept - LFS)","39.1"
"2009","Slovenia","From 15 to 24 years","Percentage of total population","Females","Total employment (resident population concept - LFS)","31.0"
"2009","Slovakia","From 15 to 24 years","Percentage of total population","Males","Total employment (resident population concept - LFS)","26.8"
"2009","Slovakia","From 15 to 24 years","Percentage of total population","Females","Total employment (resident population concept - LFS)","18.7"
"2009","Finland","From 15 to 24 years","Percentage of total population","Males","Total employment (resident population concept - LFS)","37.7"
"2009","Finland","From 15 to 24 years","Percentage of total population","Females","Total employment (resident population concept - LFS)","41.5"
"2009","Sweden","From 15 to 24 years","Percentage of total population","Males","Total employment (resident population concept - LFS)","37.7"
"2009","Sweden","From 15 to 24 years","Percentage of total population","Females","Total employment (resident population concept - LFS)","38.9"
"2009","United Kingdom","From 15 to 24 years","Percentage of total population","Males","Total employment (resident population concept - LFS)","47.9"
"2009","United Kingdom","From 15 to 24 years","Percentage of total population","Females","Total employment (resident population concept - LFS)","47.9"
"2009","Iceland","From 15 to 24 years","Percentage of total population","Males","Total employment (resident population concept - LFS)","56.9"
"2009","Iceland","From 15 to 24 years","Percentage of total population","Females","Total employment (resident population concept - LFS)","66.4"
"2009","Norway","From 15 to 24 years","Percentage of total population","Males","Total employment (resident population concept - LFS)","50.9"
"2009","Norway","From 15 to 24 years","Percentage of total population","Females","Total employment (resident population concept - LFS)","54.3"
"2009","Switzerland","From 15 to 24 years","Percentage of total population","Males","Total employment (resident population concept - LFS)",":"
"2009","Switzerland","From 15 to 24 years","Percentage of total population","Females","Total employment (resident population concept - LFS)",":"
"2009","Turkey","From 15 to 24 years","Percentage of total population","Males","Total employment (resident population concept - LFS)","39.0"
"2009","Turkey","From 15 to 24 years","Percentage of total population","Females","Total employment (resident population concept - LFS)","19.3"
"2010","European Union - 28 countries","From 15 to 24 years","Percentage of total population","Males","Total employment (resident population concept - LFS)","35.9"
"2010","European Union - 28 countries","From 15 to 24 years","Percentage of total population","Females","Total employment (resident population concept - LFS)","31.7"
"2010","Belgium","From 15 to 24 years","Percentage of total population","Males","Total employment (resident population concept - LFS)","27.3"
"2010","Belgium","From 15 to 24 years","Percentage of total population","Females","Total employment (resident population concept - LFS)","23.1"
"2010","Bulgaria","From 15 to 24 years","Percentage of total population","Males","Total employment (resident population concept - LFS)","27.3"
"2010","Bulgaria","From 15 to 24 years","Percentage of total population","Females","Total employment (resident population concept - LFS)","21.2"
"2010","Czechia","From 15 to 24 years","Percentage of total population","Males","Total employment (resident population concept - LFS)","29.6"
"2010","Czechia","From 15 to 24 years","Percentage of total population","Females","Total employment (resident population concept - LFS)","20.6"
"2010","Denmark","From 15 to 24 years","Percentage of total population","Males","Total employment (resident population concept - LFS)","56.7"
"2010","Denmark","From 15 to 24 years","Percentage of total population","Females","Total employment (resident population concept - LFS)","59.5"
"2010","Germany (until 1990 former territory of the FRG)","From 15 to 24 years","Percentage of total population","Males","Total employment (resident population concept - LFS)","47.9"
"2010","Germany (until 1990 former territory of the FRG)","From 15 to 24 years","Percentage of total population","Females","Total employment (resident population concept - LFS)","44.5"
"2010","Estonia","From 15 to 24 years","Percentage of total population","Males","Total employment (resident population concept - LFS)","26.5"
"2010","Estonia","From 15 to 24 years","Percentage of total population","Females","Total employment (resident population concept - LFS)","24.1"
"2010","Ireland","From 15 to 24 years","Percentage of total population","Males","Total employment (resident population concept - LFS)","36.5"
"2010","Ireland","From 15 to 24 years","Percentage of total population","Females","Total employment (resident population concept - LFS)","40.9"
"2010","Greece","From 15 to 24 years","Percentage of total population","Males","Total employment (resident population concept - LFS)","24.2"
"2010","Greece","From 15 to 24 years","Percentage of total population","Females","Total employment (resident population concept - LFS)","16.1"
"2010","Spain","From 15 to 24 years","Percentage of total population","Males","Total employment (resident population concept - LFS)","25.6"
"2010","Spain","From 15 to 24 years","Percentage of total population","Females","Total employment (resident population concept - LFS)","24.3"
"2010","France","From 15 to 24 years","Percentage of total population","Males","Total employment (resident population concept - LFS)",":"
"2010","France","From 15 to 24 years","Percentage of total population","Females","Total employment (resident population concept - LFS)",":"
"2010","Croatia","From 15 to 24 years","Percentage of total population","Males","Total employment (resident population concept - LFS)","27.9"
"2010","Croatia","From 15 to 24 years","Percentage of total population","Females","Total employment (resident population concept - LFS)","20.4"
"2010","Italy","From 15 to 24 years","Percentage of total population","Males","Total employment (resident population concept - LFS)","24.0"
"2010","Italy","From 15 to 24 years","Percentage of total population","Females","Total employment (resident population concept - LFS)","16.3"
"2010","Latvia","From 15 to 24 years","Percentage of total population","Males","Total employment (resident population concept - LFS)","26.5"
"2010","Latvia","From 15 to 24 years","Percentage of total population","Females","Total employment (resident population concept - LFS)","24.3"
"2010","Lithuania","From 15 to 24 years","Percentage of total population","Males","Total employment (resident population concept - LFS)","19.1"
"2010","Lithuania","From 15 to 24 years","Percentage of total population","Females","Total employment (resident population concept - LFS)","17.4"
"2010","Luxembourg","From 15 to 24 years","Percentage of total population","Males","Total employment (resident population concept - LFS)","22.1"
"2010","Luxembourg","From 15 to 24 years","Percentage of total population","Females","Total employment (resident population concept - LFS)","20.3"
"2010","Hungary","From 15 to 24 years","Percentage of total population","Males","Total employment (resident population concept - LFS)","19.9"
"2010","Hungary","From 15 to 24 years","Percentage of total population","Females","Total employment (resident population concept - LFS)","16.6"
"2010","Netherlands","From 15 to 24 years","Percentage of total population","Males","Total employment (resident population concept - LFS)","59.8"
"2010","Netherlands","From 15 to 24 years","Percentage of total population","Females","Total employment (resident population concept - LFS)","61.7"
"2010","Austria","From 15 to 24 years","Percentage of total population","Males","Total employment (resident population concept - LFS)","56.6"
"2010","Austria","From 15 to 24 years","Percentage of total population","Females","Total employment (resident population concept - LFS)","48.9"
"2010","Poland","From 15 to 24 years","Percentage of total population","Males","Total employment (resident population concept - LFS)","30.5"
"2010","Poland","From 15 to 24 years","Percentage of total population","Females","Total employment (resident population concept - LFS)","22.1"
"2010","Portugal","From 15 to 24 years","Percentage of total population","Males","Total employment (resident population concept - LFS)","29.7"
"2010","Portugal","From 15 to 24 years","Percentage of total population","Females","Total employment (resident population concept - LFS)","26.0"
"2010","Romania","From 15 to 24 years","Percentage of total population","Males","Total employment (resident population concept - LFS)","28.5"
"2010","Romania","From 15 to 24 years","Percentage of total population","Females","Total employment (resident population concept - LFS)","19.9"
"2010","Slovenia","From 15 to 24 years","Percentage of total population","Males","Total employment (resident population concept - LFS)","37.6"
"2010","Slovenia","From 15 to 24 years","Percentage of total population","Females","Total employment (resident population concept - LFS)","30.0"
"2010","Slovakia","From 15 to 24 years","Percentage of total population","Males","Total employment (resident population concept - LFS)","23.8"
"2010","Slovakia","From 15 to 24 years","Percentage of total population","Females","Total employment (resident population concept - LFS)","17.4"
"2010","Finland","From 15 to 24 years","Percentage of total population","Males","Total employment (resident population concept - LFS)","37.7"
"2010","Finland","From 15 to 24 years","Percentage of total population","Females","Total employment (resident population concept - LFS)","39.9"
"2010","Sweden","From 15 to 24 years","Percentage of total population","Males","Total employment (resident population concept - LFS)","38.5"
"2010","Sweden","From 15 to 24 years","Percentage of total population","Females","Total employment (resident population concept - LFS)","39.2"
"2010","United Kingdom","From 15 to 24 years","Percentage of total population","Males","Total employment (resident population concept - LFS)","47.6"
"2010","United Kingdom","From 15 to 24 years","Percentage of total population","Females","Total employment (resident population concept - LFS)","46.1"
"2010","Iceland","From 15 to 24 years","Percentage of total population","Males","Total employment (resident population concept - LFS)","58.2"
"2010","Iceland","From 15 to 24 years","Percentage of total population","Females","Total employment (resident population concept - LFS)","65.3"
"2010","Norway","From 15 to 24 years","Percentage of total population","Males","Total employment (resident population concept - LFS)","50.4"
"2010","Norway","From 15 to 24 years","Percentage of total population","Females","Total employment (resident population concept - LFS)","52.6"
"2010","Switzerland","From 15 to 24 years","Percentage of total population","Males","Total employment (resident population concept - LFS)","63.5"
"2010","Switzerland","From 15 to 24 years","Percentage of total population","Females","Total employment (resident population concept - LFS)","61.5"
"2010","Turkey","From 15 to 24 years","Percentage of total population","Males","Total employment (resident population concept - LFS)","40.2"
"2010","Turkey","From 15 to 24 years","Percentage of total population","Females","Total employment (resident population concept - LFS)","20.2"
"2011","European Union - 28 countries","From 15 to 24 years","Percentage of total population","Males","Total employment (resident population concept - LFS)","35.4"
"2011","European Union - 28 countries","From 15 to 24 years","Percentage of total population","Females","Total employment (resident population concept - LFS)","31.2"
"2011","Belgium","From 15 to 24 years","Percentage of total population","Males","Total employment (resident population concept - LFS)","27.7"
"2011","Belgium","From 15 to 24 years","Percentage of total population","Females","Total employment (resident population concept - LFS)","24.2"
"2011","Bulgaria","From 15 to 24 years","Percentage of total population","Males","Total employment (resident population concept - LFS)","25.1"
"2011","Bulgaria","From 15 to 24 years","Percentage of total population","Females","Total employment (resident population concept - LFS)","19.0"
"2011","Czechia","From 15 to 24 years","Percentage of total population","Males","Total employment (resident population concept - LFS)","29.0"
"2011","Czechia","From 15 to 24 years","Percentage of total population","Females","Total employment (resident population concept - LFS)","19.8"
"2011","Denmark","From 15 to 24 years","Percentage of total population","Males","Total employment (resident population concept - LFS)","56.6"
"2011","Denmark","From 15 to 24 years","Percentage of total population","Females","Total employment (resident population concept - LFS)","58.5"
"2011","Germany (until 1990 former territory of the FRG)","From 15 to 24 years","Percentage of total population","Males","Total employment (resident population concept - LFS)","49.7"
"2011","Germany (until 1990 former territory of the FRG)","From 15 to 24 years","Percentage of total population","Females","Total employment (resident population concept - LFS)","46.1"
"2011","Estonia","From 15 to 24 years","Percentage of total population","Males","Total employment (resident population concept - LFS)","33.1"
"2011","Estonia","From 15 to 24 years","Percentage of total population","Females","Total employment (resident population concept - LFS)","29.0"
"2011","Ireland","From 15 to 24 years","Percentage of total population","Males","Total employment (resident population concept - LFS)","34.2"
"2011","Ireland","From 15 to 24 years","Percentage of total population","Females","Total employment (resident population concept - LFS)","38.2"
"2011","Greece","From 15 to 24 years","Percentage of total population","Males","Total employment (resident population concept - LFS)","19.4"
"2011","Greece","From 15 to 24 years","Percentage of total population","Females","Total employment (resident population concept - LFS)","12.9"
"2011","Spain","From 15 to 24 years","Percentage of total population","Males","Total employment (resident population concept - LFS)","22.1"
"2011","Spain","From 15 to 24 years","Percentage of total population","Females","Total employment (resident population concept - LFS)","22.0"
"2011","France","From 15 to 24 years","Percentage of total population","Males","Total employment (resident population concept - LFS)",":"
"2011","France","From 15 to 24 years","Percentage of total population","Females","Total employment (resident population concept - LFS)",":"
"2011","Croatia","From 15 to 24 years","Percentage of total population","Males","Total employment (resident population concept - LFS)","23.8"
"2011","Croatia","From 15 to 24 years","Percentage of total population","Females","Total employment (resident population concept - LFS)","17.2"
"2011","Italy","From 15 to 24 years","Percentage of total population","Males","Total employment (resident population concept - LFS)","22.8"
"2011","Italy","From 15 to 24 years","Percentage of total population","Females","Total employment (resident population concept - LFS)","15.5"
"2011","Latvia","From 15 to 24 years","Percentage of total population","Males","Total employment (resident population concept - LFS)","28.3"
"2011","Latvia","From 15 to 24 years","Percentage of total population","Females","Total employment (resident population concept - LFS)","23.4"
"2011","Lithuania","From 15 to 24 years","Percentage of total population","Males","Total employment (resident population concept - LFS)","20.9"
"2011","Lithuania","From 15 to 24 years","Percentage of total population","Females","Total employment (resident population concept - LFS)","17.0"
"2011","Luxembourg","From 15 to 24 years","Percentage of total population","Males","Total employment (resident population concept - LFS)","22.8"
"2011","Luxembourg","From 15 to 24 years","Percentage of total population","Females","Total employment (resident population concept - LFS)","18.5"
"2011","Hungary","From 15 to 24 years","Percentage of total population","Males","Total employment (resident population concept - LFS)","19.7"
"2011","Hungary","From 15 to 24 years","Percentage of total population","Females","Total employment (resident population concept - LFS)","16.2"
"2011","Netherlands","From 15 to 24 years","Percentage of total population","Males","Total employment (resident population concept - LFS)","60.0"
"2011","Netherlands","From 15 to 24 years","Percentage of total population","Females","Total employment (resident population concept - LFS)","62.6"
"2011","Austria","From 15 to 24 years","Percentage of total population","Males","Total employment (resident population concept - LFS)","58.0"
"2011","Austria","From 15 to 24 years","Percentage of total population","Females","Total employment (resident population concept - LFS)","49.8"
"2011","Poland","From 15 to 24 years","Percentage of total population","Males","Total employment (resident population concept - LFS)","29.6"
"2011","Poland","From 15 to 24 years","Percentage of total population","Females","Total employment (resident population concept - LFS)","20.0"
"2011","Portugal","From 15 to 24 years","Percentage of total population","Males","Total employment (resident population concept - LFS)","28.7"
"2011","Portugal","From 15 to 24 years","Percentage of total population","Females","Total employment (resident population concept - LFS)","24.5"
"2011","Romania","From 15 to 24 years","Percentage of total population","Males","Total employment (resident population concept - LFS)","26.8"
"2011","Romania","From 15 to 24 years","Percentage of total population","Females","Total employment (resident population concept - LFS)","19.7"
"2011","Slovenia","From 15 to 24 years","Percentage of total population","Males","Total employment (resident population concept - LFS)","35.7"
"2011","Slovenia","From 15 to 24 years","Percentage of total population","Females","Total employment (resident population concept - LFS)","26.9"
"2011","Slovakia","From 15 to 24 years","Percentage of total population","Males","Total employment (resident population concept - LFS)","24.8"
"2011","Slovakia","From 15 to 24 years","Percentage of total population","Females","Total employment (resident population concept - LFS)","15.0"
"2011","Finland","From 15 to 24 years","Percentage of total population","Males","Total employment (resident population concept - LFS)","39.5"
"2011","Finland","From 15 to 24 years","Percentage of total population","Females","Total employment (resident population concept - LFS)","41.2"
"2011","Sweden","From 15 to 24 years","Percentage of total population","Males","Total employment (resident population concept - LFS)","40.8"
"2011","Sweden","From 15 to 24 years","Percentage of total population","Females","Total employment (resident population concept - LFS)","41.0"
"2011","United Kingdom","From 15 to 24 years","Percentage of total population","Males","Total employment (resident population concept - LFS)","46.3"
"2011","United Kingdom","From 15 to 24 years","Percentage of total population","Females","Total employment (resident population concept - LFS)","45.3"
"2011","Iceland","From 15 to 24 years","Percentage of total population","Males","Total employment (resident population concept - LFS)","58.7"
"2011","Iceland","From 15 to 24 years","Percentage of total population","Females","Total employment (resident population concept - LFS)","66.6"
"2011","Norway","From 15 to 24 years","Percentage of total population","Males","Total employment (resident population concept - LFS)","49.4"
"2011","Norway","From 15 to 24 years","Percentage of total population","Females","Total employment (resident population concept - LFS)","52.3"
"2011","Switzerland","From 15 to 24 years","Percentage of total population","Males","Total employment (resident population concept - LFS)","64.0"
"2011","Switzerland","From 15 to 24 years","Percentage of total population","Females","Total employment (resident population concept - LFS)","62.5"
"2011","Turkey","From 15 to 24 years","Percentage of total population","Males","Total employment (resident population concept - LFS)","43.3"
"2011","Turkey","From 15 to 24 years","Percentage of total population","Females","Total employment (resident population concept - LFS)","21.2"
"2012","European Union - 28 countries","From 15 to 24 years","Percentage of total population","Males","Total employment (resident population concept - LFS)","34.5"
"2012","European Union - 28 countries","From 15 to 24 years","Percentage of total population","Females","Total employment (resident population concept - LFS)","30.6"
"2012","Belgium","From 15 to 24 years","Percentage of total population","Males","Total employment (resident population concept - LFS)","27.8"
"2012","Belgium","From 15 to 24 years","Percentage of total population","Females","Total employment (resident population concept - LFS)","22.6"
"2012","Bulgaria","From 15 to 24 years","Percentage of total population","Males","Total employment (resident population concept - LFS)","24.9"
"2012","Bulgaria","From 15 to 24 years","Percentage of total population","Females","Total employment (resident population concept - LFS)","18.7"
"2012","Czechia","From 15 to 24 years","Percentage of total population","Males","Total employment (resident population concept - LFS)","29.2"
"2012","Czechia","From 15 to 24 years","Percentage of total population","Females","Total employment (resident population concept - LFS)","21.0"
"2012","Denmark","From 15 to 24 years","Percentage of total population","Males","Total employment (resident population concept - LFS)","54.6"
"2012","Denmark","From 15 to 24 years","Percentage of total population","Females","Total employment (resident population concept - LFS)","55.4"
"2012","Germany (until 1990 former territory of the FRG)","From 15 to 24 years","Percentage of total population","Males","Total employment (resident population concept - LFS)","48.6"
"2012","Germany (until 1990 former territory of the FRG)","From 15 to 24 years","Percentage of total population","Females","Total employment (resident population concept - LFS)","44.5"
"2012","Estonia","From 15 to 24 years","Percentage of total population","Males","Total employment (resident population concept - LFS)","34.2"
"2012","Estonia","From 15 to 24 years","Percentage of total population","Females","Total employment (resident population concept - LFS)","30.3"
"2012","Ireland","From 15 to 24 years","Percentage of total population","Males","Total employment (resident population concept - LFS)","32.5"
"2012","Ireland","From 15 to 24 years","Percentage of total population","Females","Total employment (resident population concept - LFS)","37.1"
"2012","Greece","From 15 to 24 years","Percentage of total population","Males","Total employment (resident population concept - LFS)","16.1"
"2012","Greece","From 15 to 24 years","Percentage of total population","Females","Total employment (resident population concept - LFS)","10.0"
"2012","Spain","From 15 to 24 years","Percentage of total population","Males","Total employment (resident population concept - LFS)","18.5"
"2012","Spain","From 15 to 24 years","Percentage of total population","Females","Total employment (resident population concept - LFS)","18.3"
"2012","France","From 15 to 24 years","Percentage of total population","Males","Total employment (resident population concept - LFS)",":"
"2012","France","From 15 to 24 years","Percentage of total population","Females","Total employment (resident population concept - LFS)",":"
"2012","Croatia","From 15 to 24 years","Percentage of total population","Males","Total employment (resident population concept - LFS)","20.0"
"2012","Croatia","From 15 to 24 years","Percentage of total population","Females","Total employment (resident population concept - LFS)","14.7"
"2012","Italy","From 15 to 24 years","Percentage of total population","Males","Total employment (resident population concept - LFS)","21.8"
"2012","Italy","From 15 to 24 years","Percentage of total population","Females","Total employment (resident population concept - LFS)","15.0"
"2012","Latvia","From 15 to 24 years","Percentage of total population","Males","Total employment (resident population concept - LFS)","31.8"
"2012","Latvia","From 15 to 24 years","Percentage of total population","Females","Total employment (resident population concept - LFS)","25.4"
"2012","Lithuania","From 15 to 24 years","Percentage of total population","Males","Total employment (resident population concept - LFS)","22.8"
"2012","Lithuania","From 15 to 24 years","Percentage of total population","Females","Total employment (resident population concept - LFS)","20.1"
"2012","Luxembourg","From 15 to 24 years","Percentage of total population","Males","Total employment (resident population concept - LFS)","23.4"
"2012","Luxembourg","From 15 to 24 years","Percentage of total population","Females","Total employment (resident population concept - LFS)","20.1"
"2012","Hungary","From 15 to 24 years","Percentage of total population","Males","Total employment (resident population concept - LFS)","19.8"
"2012","Hungary","From 15 to 24 years","Percentage of total population","Females","Total employment (resident population concept - LFS)","17.0"
"2012","Netherlands","From 15 to 24 years","Percentage of total population","Males","Total employment (resident population concept - LFS)","59.7"
"2012","Netherlands","From 15 to 24 years","Percentage of total population","Females","Total employment (resident population concept - LFS)","62.5"
"2012","Austria","From 15 to 24 years","Percentage of total population","Males","Total employment (resident population concept - LFS)","57.1"
"2012","Austria","From 15 to 24 years","Percentage of total population","Females","Total employment (resident population concept - LFS)","50.3"
"2012","Poland","From 15 to 24 years","Percentage of total population","Males","Total employment (resident population concept - LFS)","29.2"
"2012","Poland","From 15 to 24 years","Percentage of total population","Females","Total employment (resident population concept - LFS)","19.9"
"2012","Portugal","From 15 to 24 years","Percentage of total population","Males","Total employment (resident population concept - LFS)","24.8"
"2012","Portugal","From 15 to 24 years","Percentage of total population","Females","Total employment (resident population concept - LFS)","21.2"
"2012","Romania","From 15 to 24 years","Percentage of total population","Males","Total employment (resident population concept - LFS)","27.5"
"2012","Romania","From 15 to 24 years","Percentage of total population","Females","Total employment (resident population concept - LFS)","19.6"
"2012","Slovenia","From 15 to 24 years","Percentage of total population","Males","Total employment (resident population concept - LFS)","30.4"
"2012","Slovenia","From 15 to 24 years","Percentage of total population","Females","Total employment (resident population concept - LFS)","23.7"
"2012","Slovakia","From 15 to 24 years","Percentage of total population","Males","Total employment (resident population concept - LFS)","24.1"
"2012","Slovakia","From 15 to 24 years","Percentage of total population","Females","Total employment (resident population concept - LFS)","15.9"
"2012","Finland","From 15 to 24 years","Percentage of total population","Males","Total employment (resident population concept - LFS)","41.0"
"2012","Finland","From 15 to 24 years","Percentage of total population","Females","Total employment (resident population concept - LFS)","42.7"
"2012","Sweden","From 15 to 24 years","Percentage of total population","Males","Total employment (resident population concept - LFS)","38.8"
"2012","Sweden","From 15 to 24 years","Percentage of total population","Females","Total employment (resident population concept - LFS)","41.6"
"2012","United Kingdom","From 15 to 24 years","Percentage of total population","Males","Total employment (resident population concept - LFS)","46.4"
"2012","United Kingdom","From 15 to 24 years","Percentage of total population","Females","Total employment (resident population concept - LFS)","46.0"
"2012","Iceland","From 15 to 24 years","Percentage of total population","Males","Total employment (resident population concept - LFS)","62.7"
"2012","Iceland","From 15 to 24 years","Percentage of total population","Females","Total employment (resident population concept - LFS)","68.4"
"2012","Norway","From 15 to 24 years","Percentage of total population","Males","Total employment (resident population concept - LFS)","50.7"
"2012","Norway","From 15 to 24 years","Percentage of total population","Females","Total employment (resident population concept - LFS)","53.8"
"2012","Switzerland","From 15 to 24 years","Percentage of total population","Males","Total employment (resident population concept - LFS)","62.9"
"2012","Switzerland","From 15 to 24 years","Percentage of total population","Females","Total employment (resident population concept - LFS)","60.9"
"2012","Turkey","From 15 to 24 years","Percentage of total population","Males","Total employment (resident population concept - LFS)","42.5"
"2012","Turkey","From 15 to 24 years","Percentage of total population","Females","Total employment (resident population concept - LFS)","20.7"
"2013","European Union - 28 countries","From 15 to 24 years","Percentage of total population","Males","Total employment (resident population concept - LFS)","34.0"
"2013","European Union - 28 countries","From 15 to 24 years","Percentage of total population","Females","Total employment (resident population concept - LFS)","30.3"
"2013","Belgium","From 15 to 24 years","Percentage of total population","Males","Total employment (resident population concept - LFS)","25.3"
"2013","Belgium","From 15 to 24 years","Percentage of total population","Females","Total employment (resident population concept - LFS)","21.9"
"2013","Bulgaria","From 15 to 24 years","Percentage of total population","Males","Total employment (resident population concept - LFS)","24.0"
"2013","Bulgaria","From 15 to 24 years","Percentage of total population","Females","Total employment (resident population concept - LFS)","18.4"
"2013","Czechia","From 15 to 24 years","Percentage of total population","Males","Total employment (resident population concept - LFS)","29.9"
"2013","Czechia","From 15 to 24 years","Percentage of total population","Females","Total employment (resident population concept - LFS)","21.0"
"2013","Denmark","From 15 to 24 years","Percentage of total population","Males","Total employment (resident population concept - LFS)","52.3"
"2013","Denmark","From 15 to 24 years","Percentage of total population","Females","Total employment (resident population concept - LFS)","55.0"
"2013","Germany (until 1990 former territory of the FRG)","From 15 to 24 years","Percentage of total population","Males","Total employment (resident population concept - LFS)","48.4"
"2013","Germany (until 1990 former territory of the FRG)","From 15 to 24 years","Percentage of total population","Females","Total employment (resident population concept - LFS)","45.2"
"2013","Estonia","From 15 to 24 years","Percentage of total population","Males","Total employment (resident population concept - LFS)","34.0"
"2013","Estonia","From 15 to 24 years","Percentage of total population","Females","Total employment (resident population concept - LFS)","30.7"
"2013","Ireland","From 15 to 24 years","Percentage of total population","Males","Total employment (resident population concept - LFS)","36.0"
"2013","Ireland","From 15 to 24 years","Percentage of total population","Females","Total employment (resident population concept - LFS)","37.1"
"2013","Greece","From 15 to 24 years","Percentage of total population","Males","Total employment (resident population concept - LFS)","14.6"
"2013","Greece","From 15 to 24 years","Percentage of total population","Females","Total employment (resident population concept - LFS)","9.1"
"2013","Spain","From 15 to 24 years","Percentage of total population","Males","Total employment (resident population concept - LFS)","17.3"
"2013","Spain","From 15 to 24 years","Percentage of total population","Females","Total employment (resident population concept - LFS)","16.3"
"2013","France","From 15 to 24 years","Percentage of total population","Males","Total employment (resident population concept - LFS)",":"
"2013","France","From 15 to 24 years","Percentage of total population","Females","Total employment (resident population concept - LFS)",":"
"2013","Croatia","From 15 to 24 years","Percentage of total population","Males","Total employment (resident population concept - LFS)","17.4"
"2013","Croatia","From 15 to 24 years","Percentage of total population","Females","Total employment (resident population concept - LFS)","12.4"
"2013","Italy","From 15 to 24 years","Percentage of total population","Males","Total employment (resident population concept - LFS)","18.7"
"2013","Italy","From 15 to 24 years","Percentage of total population","Females","Total employment (resident population concept - LFS)","13.7"
"2013","Latvia","From 15 to 24 years","Percentage of total population","Males","Total employment (resident population concept - LFS)","33.3"
"2013","Latvia","From 15 to 24 years","Percentage of total population","Females","Total employment (resident population concept - LFS)","27.0"
"2013","Lithuania","From 15 to 24 years","Percentage of total population","Males","Total employment (resident population concept - LFS)","27.6"
"2013","Lithuania","From 15 to 24 years","Percentage of total population","Females","Total employment (resident population concept - LFS)","21.5"
"2013","Luxembourg","From 15 to 24 years","Percentage of total population","Males","Total employment (resident population concept - LFS)","24.2"
"2013","Luxembourg","From 15 to 24 years","Percentage of total population","Females","Total employment (resident population concept - LFS)","19.4"
"2013","Hungary","From 15 to 24 years","Percentage of total population","Males","Total employment (resident population concept - LFS)","23.0"
"2013","Hungary","From 15 to 24 years","Percentage of total population","Females","Total employment (resident population concept - LFS)","17.0"
"2013","Netherlands","From 15 to 24 years","Percentage of total population","Males","Total employment (resident population concept - LFS)","59.2"
"2013","Netherlands","From 15 to 24 years","Percentage of total population","Females","Total employment (resident population concept - LFS)","61.0"
"2013","Austria","From 15 to 24 years","Percentage of total population","Males","Total employment (resident population concept - LFS)","56.4"
"2013","Austria","From 15 to 24 years","Percentage of total population","Females","Total employment (resident population concept - LFS)","49.8"
"2013","Poland","From 15 to 24 years","Percentage of total population","Males","Total employment (resident population concept - LFS)","28.6"
"2013","Poland","From 15 to 24 years","Percentage of total population","Females","Total employment (resident population concept - LFS)","19.5"
"2013","Portugal","From 15 to 24 years","Percentage of total population","Males","Total employment (resident population concept - LFS)","22.9"
"2013","Portugal","From 15 to 24 years","Percentage of total population","Females","Total employment (resident population concept - LFS)","20.4"
"2013","Romania","From 15 to 24 years","Percentage of total population","Males","Total employment (resident population concept - LFS)","27.0"
"2013","Romania","From 15 to 24 years","Percentage of total population","Females","Total employment (resident population concept - LFS)","18.6"
"2013","Slovenia","From 15 to 24 years","Percentage of total population","Males","Total employment (resident population concept - LFS)","29.7"
"2013","Slovenia","From 15 to 24 years","Percentage of total population","Females","Total employment (resident population concept - LFS)","23.0"
"2013","Slovakia","From 15 to 24 years","Percentage of total population","Males","Total employment (resident population concept - LFS)","24.4"
"2013","Slovakia","From 15 to 24 years","Percentage of total population","Females","Total employment (resident population concept - LFS)","16.2"
"2013","Finland","From 15 to 24 years","Percentage of total population","Males","Total employment (resident population concept - LFS)","39.1"
"2013","Finland","From 15 to 24 years","Percentage of total population","Females","Total employment (resident population concept - LFS)","43.9"
"2013","Sweden","From 15 to 24 years","Percentage of total population","Males","Total employment (resident population concept - LFS)","40.5"
"2013","Sweden","From 15 to 24 years","Percentage of total population","Females","Total employment (resident population concept - LFS)","42.9"
"2013","United Kingdom","From 15 to 24 years","Percentage of total population","Males","Total employment (resident population concept - LFS)","46.4"
"2013","United Kingdom","From 15 to 24 years","Percentage of total population","Females","Total employment (resident population concept - LFS)","46.2"
"2013","Iceland","From 15 to 24 years","Percentage of total population","Males","Total employment (resident population concept - LFS)","64.7"
"2013","Iceland","From 15 to 24 years","Percentage of total population","Females","Total employment (resident population concept - LFS)","75.2"
"2013","Norway","From 15 to 24 years","Percentage of total population","Males","Total employment (resident population concept - LFS)","49.9"
"2013","Norway","From 15 to 24 years","Percentage of total population","Females","Total employment (resident population concept - LFS)","53.8"
"2013","Switzerland","From 15 to 24 years","Percentage of total population","Males","Total employment (resident population concept - LFS)","62.9"
"2013","Switzerland","From 15 to 24 years","Percentage of total population","Females","Total employment (resident population concept - LFS)","61.2"
"2013","Turkey","From 15 to 24 years","Percentage of total population","Males","Total employment (resident population concept - LFS)","43.1"
"2013","Turkey","From 15 to 24 years","Percentage of total population","Females","Total employment (resident population concept - LFS)","21.5"
"2014","European Union - 28 countries","From 15 to 24 years","Percentage of total population","Males","Total employment (resident population concept - LFS)","34.3"
"2014","European Union - 28 countries","From 15 to 24 years","Percentage of total population","Females","Total employment (resident population concept - LFS)","30.6"
"2014","Belgium","From 15 to 24 years","Percentage of total population","Males","Total employment (resident population concept - LFS)","24.5"
"2014","Belgium","From 15 to 24 years","Percentage of total population","Females","Total employment (resident population concept - LFS)","21.8"
"2014","Bulgaria","From 15 to 24 years","Percentage of total population","Males","Total employment (resident population concept - LFS)","24.0"
"2014","Bulgaria","From 15 to 24 years","Percentage of total population","Females","Total employment (resident population concept - LFS)","17.3"
"2014","Czechia","From 15 to 24 years","Percentage of total population","Males","Total employment (resident population concept - LFS)","32.3"
"2014","Czechia","From 15 to 24 years","Percentage of total population","Females","Total employment (resident population concept - LFS)","21.6"
"2014","Denmark","From 15 to 24 years","Percentage of total population","Males","Total employment (resident population concept - LFS)","52.7"
"2014","Denmark","From 15 to 24 years","Percentage of total population","Females","Total employment (resident population concept - LFS)","54.9"
"2014","Germany (until 1990 former territory of the FRG)","From 15 to 24 years","Percentage of total population","Males","Total employment (resident population concept - LFS)","47.7"
"2014","Germany (until 1990 former territory of the FRG)","From 15 to 24 years","Percentage of total population","Females","Total employment (resident population concept - LFS)","44.3"
"2014","Estonia","From 15 to 24 years","Percentage of total population","Males","Total employment (resident population concept - LFS)","33.4"
"2014","Estonia","From 15 to 24 years","Percentage of total population","Females","Total employment (resident population concept - LFS)","33.3"
"2014","Ireland","From 15 to 24 years","Percentage of total population","Males","Total employment (resident population concept - LFS)","36.9"
"2014","Ireland","From 15 to 24 years","Percentage of total population","Females","Total employment (resident population concept - LFS)","36.7"
"2014","Greece","From 15 to 24 years","Percentage of total population","Males","Total employment (resident population concept - LFS)","15.8"
"2014","Greece","From 15 to 24 years","Percentage of total population","Females","Total employment (resident population concept - LFS)","10.9"
"2014","Spain","From 15 to 24 years","Percentage of total population","Males","Total employment (resident population concept - LFS)","17.4"
"2014","Spain","From 15 to 24 years","Percentage of total population","Females","Total employment (resident population concept - LFS)","16.0"
"2014","France","From 15 to 24 years","Percentage of total population","Males","Total employment (resident population concept - LFS)","29.7"
"2014","France","From 15 to 24 years","Percentage of total population","Females","Total employment (resident population concept - LFS)","25.5"
"2014","Croatia","From 15 to 24 years","Percentage of total population","Males","Total employment (resident population concept - LFS)","21.2"
"2014","Croatia","From 15 to 24 years","Percentage of total population","Females","Total employment (resident population concept - LFS)","15.3"
"2014","Italy","From 15 to 24 years","Percentage of total population","Males","Total employment (resident population concept - LFS)","18.2"
"2014","Italy","From 15 to 24 years","Percentage of total population","Females","Total employment (resident population concept - LFS)","12.8"
"2014","Latvia","From 15 to 24 years","Percentage of total population","Males","Total employment (resident population concept - LFS)","36.5"
"2014","Latvia","From 15 to 24 years","Percentage of total population","Females","Total employment (resident population concept - LFS)","28.3"
"2014","Lithuania","From 15 to 24 years","Percentage of total population","Males","Total employment (resident population concept - LFS)","31.0"
"2014","Lithuania","From 15 to 24 years","Percentage of total population","Females","Total employment (resident population concept - LFS)","24.1"
"2014","Luxembourg","From 15 to 24 years","Percentage of total population","Males","Total employment (resident population concept - LFS)","21.9"
"2014","Luxembourg","From 15 to 24 years","Percentage of total population","Females","Total employment (resident population concept - LFS)","18.8"
"2014","Hungary","From 15 to 24 years","Percentage of total population","Males","Total employment (resident population concept - LFS)","26.4"
"2014","Hungary","From 15 to 24 years","Percentage of total population","Females","Total employment (resident population concept - LFS)","20.5"
"2014","Netherlands","From 15 to 24 years","Percentage of total population","Males","Total employment (resident population concept - LFS)","58.7"
"2014","Netherlands","From 15 to 24 years","Percentage of total population","Females","Total employment (resident population concept - LFS)","58.8"
"2014","Austria","From 15 to 24 years","Percentage of total population","Males","Total employment (resident population concept - LFS)","54.3"
"2014","Austria","From 15 to 24 years","Percentage of total population","Females","Total employment (resident population concept - LFS)","49.9"
"2014","Poland","From 15 to 24 years","Percentage of total population","Males","Total employment (resident population concept - LFS)","30.0"
"2014","Poland","From 15 to 24 years","Percentage of total population","Females","Total employment (resident population concept - LFS)","21.3"
"2014","Portugal","From 15 to 24 years","Percentage of total population","Males","Total employment (resident population concept - LFS)","22.9"
"2014","Portugal","From 15 to 24 years","Percentage of total population","Females","Total employment (resident population concept - LFS)","21.9"
"2014","Romania","From 15 to 24 years","Percentage of total population","Males","Total employment (resident population concept - LFS)","26.6"
"2014","Romania","From 15 to 24 years","Percentage of total population","Females","Total employment (resident population concept - LFS)","18.0"
"2014","Slovenia","From 15 to 24 years","Percentage of total population","Males","Total employment (resident population concept - LFS)","29.5"
"2014","Slovenia","From 15 to 24 years","Percentage of total population","Females","Total employment (resident population concept - LFS)","24.0"
"2014","Slovakia","From 15 to 24 years","Percentage of total population","Males","Total employment (resident population concept - LFS)","26.8"
"2014","Slovakia","From 15 to 24 years","Percentage of total population","Females","Total employment (resident population concept - LFS)","16.5"
"2014","Finland","From 15 to 24 years","Percentage of total population","Males","Total employment (resident population concept - LFS)","39.8"
"2014","Finland","From 15 to 24 years","Percentage of total population","Females","Total employment (resident population concept - LFS)","43.0"
"2014","Sweden","From 15 to 24 years","Percentage of total population","Males","Total employment (resident population concept - LFS)","41.6"
"2014","Sweden","From 15 to 24 years","Percentage of total population","Females","Total employment (resident population concept - LFS)","44.0"
"2014","United Kingdom","From 15 to 24 years","Percentage of total population","Males","Total employment (resident population concept - LFS)","48.2"
"2014","United Kingdom","From 15 to 24 years","Percentage of total population","Females","Total employment (resident population concept - LFS)","47.8"
"2014","Iceland","From 15 to 24 years","Percentage of total population","Males","Total employment (resident population concept - LFS)","67.6"
"2014","Iceland","From 15 to 24 years","Percentage of total population","Females","Total employment (resident population concept - LFS)","73.6"
"2014","Norway","From 15 to 24 years","Percentage of total population","Males","Total employment (resident population concept - LFS)","48.2"
"2014","Norway","From 15 to 24 years","Percentage of total population","Females","Total employment (resident population concept - LFS)","52.1"
"2014","Switzerland","From 15 to 24 years","Percentage of total population","Males","Total employment (resident population concept - LFS)","62.4"
"2014","Switzerland","From 15 to 24 years","Percentage of total population","Females","Total employment (resident population concept - LFS)","61.7"
"2014","Turkey","From 15 to 24 years","Percentage of total population","Males","Total employment (resident population concept - LFS)","45.0"
"2014","Turkey","From 15 to 24 years","Percentage of total population","Females","Total employment (resident population concept - LFS)","22.0"
"2015","European Union - 28 countries","From 15 to 24 years","Percentage of total population","Males","Total employment (resident population concept - LFS)","35.0"
"2015","European Union - 28 countries","From 15 to 24 years","Percentage of total population","Females","Total employment (resident population concept - LFS)","31.3"
"2015","Belgium","From 15 to 24 years","Percentage of total population","Males","Total employment (resident population concept - LFS)","25.0"
"2015","Belgium","From 15 to 24 years","Percentage of total population","Females","Total employment (resident population concept - LFS)","21.7"
"2015","Bulgaria","From 15 to 24 years","Percentage of total population","Males","Total employment (resident population concept - LFS)","24.0"
"2015","Bulgaria","From 15 to 24 years","Percentage of total population","Females","Total employment (resident population concept - LFS)","16.5"
"2015","Czechia","From 15 to 24 years","Percentage of total population","Males","Total employment (resident population concept - LFS)","33.1"
"2015","Czechia","From 15 to 24 years","Percentage of total population","Females","Total employment (resident population concept - LFS)","23.4"
"2015","Denmark","From 15 to 24 years","Percentage of total population","Males","Total employment (resident population concept - LFS)","54.6"
"2015","Denmark","From 15 to 24 years","Percentage of total population","Females","Total employment (resident population concept - LFS)","56.2"
"2015","Germany (until 1990 former territory of the FRG)","From 15 to 24 years","Percentage of total population","Males","Total employment (resident population concept - LFS)","46.5"
"2015","Germany (until 1990 former territory of the FRG)","From 15 to 24 years","Percentage of total population","Females","Total employment (resident population concept - LFS)","44.0"
"2015","Estonia","From 15 to 24 years","Percentage of total population","Males","Total employment (resident population concept - LFS)","39.4"
"2015","Estonia","From 15 to 24 years","Percentage of total population","Females","Total employment (resident population concept - LFS)","33.1"
"2015","Ireland","From 15 to 24 years","Percentage of total population","Males","Total employment (resident population concept - LFS)","38.3"
"2015","Ireland","From 15 to 24 years","Percentage of total population","Females","Total employment (resident population concept - LFS)","37.3"
"2015","Greece","From 15 to 24 years","Percentage of total population","Males","Total employment (resident population concept - LFS)","15.2"
"2015","Greece","From 15 to 24 years","Percentage of total population","Females","Total employment (resident population concept - LFS)","10.9"
"2015","Spain","From 15 to 24 years","Percentage of total population","Males","Total employment (resident population concept - LFS)","18.6"
"2015","Spain","From 15 to 24 years","Percentage of total population","Females","Total employment (resident population concept - LFS)","17.3"
"2015","France","From 15 to 24 years","Percentage of total population","Males","Total employment (resident population concept - LFS)","29.9"
"2015","France","From 15 to 24 years","Percentage of total population","Females","Total employment (resident population concept - LFS)","26.0"
"2015","Croatia","From 15 to 24 years","Percentage of total population","Males","Total employment (resident population concept - LFS)","22.4"
"2015","Croatia","From 15 to 24 years","Percentage of total population","Females","Total employment (resident population concept - LFS)","15.8"
"2015","Italy","From 15 to 24 years","Percentage of total population","Males","Total employment (resident population concept - LFS)","18.6"
"2015","Italy","From 15 to 24 years","Percentage of total population","Females","Total employment (resident population concept - LFS)","12.4"
"2015","Latvia","From 15 to 24 years","Percentage of total population","Males","Total employment (resident population concept - LFS)","37.1"
"2015","Latvia","From 15 to 24 years","Percentage of total population","Females","Total employment (resident population concept - LFS)","31.9"
"2015","Lithuania","From 15 to 24 years","Percentage of total population","Males","Total employment (resident population concept - LFS)","30.8"
"2015","Lithuania","From 15 to 24 years","Percentage of total population","Females","Total employment (resident population concept - LFS)","25.7"
"2015","Luxembourg","From 15 to 24 years","Percentage of total population","Males","Total employment (resident population concept - LFS)","29.4"
"2015","Luxembourg","From 15 to 24 years","Percentage of total population","Females","Total employment (resident population concept - LFS)","28.8"
"2015","Hungary","From 15 to 24 years","Percentage of total population","Males","Total employment (resident population concept - LFS)","28.1"
"2015","Hungary","From 15 to 24 years","Percentage of total population","Females","Total employment (resident population concept - LFS)","23.1"
"2015","Netherlands","From 15 to 24 years","Percentage of total population","Males","Total employment (resident population concept - LFS)","59.9"
"2015","Netherlands","From 15 to 24 years","Percentage of total population","Females","Total employment (resident population concept - LFS)","61.7"
"2015","Austria","From 15 to 24 years","Percentage of total population","Males","Total employment (resident population concept - LFS)","54.0"
"2015","Austria","From 15 to 24 years","Percentage of total population","Females","Total employment (resident population concept - LFS)","48.7"
"2015","Poland","From 15 to 24 years","Percentage of total population","Males","Total employment (resident population concept - LFS)","30.5"
"2015","Poland","From 15 to 24 years","Percentage of total population","Females","Total employment (resident population concept - LFS)","21.3"
"2015","Portugal","From 15 to 24 years","Percentage of total population","Males","Total employment (resident population concept - LFS)","24.1"
"2015","Portugal","From 15 to 24 years","Percentage of total population","Females","Total employment (resident population concept - LFS)","21.5"
"2015","Romania","From 15 to 24 years","Percentage of total population","Males","Total employment (resident population concept - LFS)","29.4"
"2015","Romania","From 15 to 24 years","Percentage of total population","Females","Total employment (resident population concept - LFS)","19.3"
"2015","Slovenia","From 15 to 24 years","Percentage of total population","Males","Total employment (resident population concept - LFS)","32.0"
"2015","Slovenia","From 15 to 24 years","Percentage of total population","Females","Total employment (resident population concept - LFS)","27.1"
"2015","Slovakia","From 15 to 24 years","Percentage of total population","Males","Total employment (resident population concept - LFS)","28.4"
"2015","Slovakia","From 15 to 24 years","Percentage of total population","Females","Total employment (resident population concept - LFS)","18.0"
"2015","Finland","From 15 to 24 years","Percentage of total population","Males","Total employment (resident population concept - LFS)","38.1"
"2015","Finland","From 15 to 24 years","Percentage of total population","Females","Total employment (resident population concept - LFS)","42.8"
"2015","Sweden","From 15 to 24 years","Percentage of total population","Males","Total employment (resident population concept - LFS)","42.4"
"2015","Sweden","From 15 to 24 years","Percentage of total population","Females","Total employment (resident population concept - LFS)","45.5"
"2015","United Kingdom","From 15 to 24 years","Percentage of total population","Males","Total employment (resident population concept - LFS)","50.3"
"2015","United Kingdom","From 15 to 24 years","Percentage of total population","Females","Total employment (resident population concept - LFS)","49.7"
"2015","Iceland","From 15 to 24 years","Percentage of total population","Males","Total employment (resident population concept - LFS)","69.9"
"2015","Iceland","From 15 to 24 years","Percentage of total population","Females","Total employment (resident population concept - LFS)","76.5"
"2015","Norway","From 15 to 24 years","Percentage of total population","Males","Total employment (resident population concept - LFS)","49.1"
"2015","Norway","From 15 to 24 years","Percentage of total population","Females","Total employment (resident population concept - LFS)","51.8"
"2015","Switzerland","From 15 to 24 years","Percentage of total population","Males","Total employment (resident population concept - LFS)","60.6"
"2015","Switzerland","From 15 to 24 years","Percentage of total population","Females","Total employment (resident population concept - LFS)","62.6"
"2015","Turkey","From 15 to 24 years","Percentage of total population","Males","Total employment (resident population concept - LFS)","45.1"
"2015","Turkey","From 15 to 24 years","Percentage of total population","Females","Total employment (resident population concept - LFS)","23.0"
"2016","European Union - 28 countries","From 15 to 24 years","Percentage of total population","Males","Total employment (resident population concept - LFS)","35.6"
"2016","European Union - 28 countries","From 15 to 24 years","Percentage of total population","Females","Total employment (resident population concept - LFS)","32.1"
"2016","Belgium","From 15 to 24 years","Percentage of total population","Males","Total employment (resident population concept - LFS)","24.0"
"2016","Belgium","From 15 to 24 years","Percentage of total population","Females","Total employment (resident population concept - LFS)","21.4"
"2016","Bulgaria","From 15 to 24 years","Percentage of total population","Males","Total employment (resident population concept - LFS)","23.1"
"2016","Bulgaria","From 15 to 24 years","Percentage of total population","Females","Total employment (resident population concept - LFS)","16.3"
"2016","Czechia","From 15 to 24 years","Percentage of total population","Males","Total employment (resident population concept - LFS)","33.8"
"2016","Czechia","From 15 to 24 years","Percentage of total population","Females","Total employment (resident population concept - LFS)","23.2"
"2016","Denmark","From 15 to 24 years","Percentage of total population","Males","Total employment (resident population concept - LFS)","56.5"
"2016","Denmark","From 15 to 24 years","Percentage of total population","Females","Total employment (resident population concept - LFS)","60.0"
"2016","Germany (until 1990 former territory of the FRG)","From 15 to 24 years","Percentage of total population","Males","Total employment (resident population concept - LFS)","46.9"
"2016","Germany (until 1990 former territory of the FRG)","From 15 to 24 years","Percentage of total population","Females","Total employment (resident population concept - LFS)","44.5"
"2016","Estonia","From 15 to 24 years","Percentage of total population","Males","Total employment (resident population concept - LFS)","38.8"
"2016","Estonia","From 15 to 24 years","Percentage of total population","Females","Total employment (resident population concept - LFS)","36.1"
"2016","Ireland","From 15 to 24 years","Percentage of total population","Males","Total employment (resident population concept - LFS)","42.2"
"2016","Ireland","From 15 to 24 years","Percentage of total population","Females","Total employment (resident population concept - LFS)","41.7"
"2016","Greece","From 15 to 24 years","Percentage of total population","Males","Total employment (resident population concept - LFS)","14.7"
"2016","Greece","From 15 to 24 years","Percentage of total population","Females","Total employment (resident population concept - LFS)","11.3"
"2016","Spain","From 15 to 24 years","Percentage of total population","Males","Total employment (resident population concept - LFS)","19.4"
"2016","Spain","From 15 to 24 years","Percentage of total population","Females","Total employment (resident population concept - LFS)","17.2"
"2016","France","From 15 to 24 years","Percentage of total population","Males","Total employment (resident population concept - LFS)","29.8"
"2016","France","From 15 to 24 years","Percentage of total population","Females","Total employment (resident population concept - LFS)","25.8"
"2016","Croatia","From 15 to 24 years","Percentage of total population","Males","Total employment (resident population concept - LFS)","28.8"
"2016","Croatia","From 15 to 24 years","Percentage of total population","Females","Total employment (resident population concept - LFS)","22.2"
"2016","Italy","From 15 to 24 years","Percentage of total population","Males","Total employment (resident population concept - LFS)","19.2"
"2016","Italy","From 15 to 24 years","Percentage of total population","Females","Total employment (resident population concept - LFS)","13.7"
"2016","Latvia","From 15 to 24 years","Percentage of total population","Males","Total employment (resident population concept - LFS)","34.0"
"2016","Latvia","From 15 to 24 years","Percentage of total population","Females","Total employment (resident population concept - LFS)","31.6"
"2016","Lithuania","From 15 to 24 years","Percentage of total population","Males","Total employment (resident population concept - LFS)","32.5"
"2016","Lithuania","From 15 to 24 years","Percentage of total population","Females","Total employment (resident population concept - LFS)","27.8"
"2016","Luxembourg","From 15 to 24 years","Percentage of total population","Males","Total employment (resident population concept - LFS)","24.4"
"2016","Luxembourg","From 15 to 24 years","Percentage of total population","Females","Total employment (resident population concept - LFS)","25.4"
"2016","Hungary","From 15 to 24 years","Percentage of total population","Males","Total employment (resident population concept - LFS)","31.5"
"2016","Hungary","From 15 to 24 years","Percentage of total population","Females","Total employment (resident population concept - LFS)","24.6"
"2016","Netherlands","From 15 to 24 years","Percentage of total population","Males","Total employment (resident population concept - LFS)","59.6"
"2016","Netherlands","From 15 to 24 years","Percentage of total population","Females","Total employment (resident population concept - LFS)","62.1"
"2016","Austria","From 15 to 24 years","Percentage of total population","Males","Total employment (resident population concept - LFS)","52.9"
"2016","Austria","From 15 to 24 years","Percentage of total population","Females","Total employment (resident population concept - LFS)","49.0"
"2016","Poland","From 15 to 24 years","Percentage of total population","Males","Total employment (resident population concept - LFS)","32.8"
"2016","Poland","From 15 to 24 years","Percentage of total population","Females","Total employment (resident population concept - LFS)","23.7"
"2016","Portugal","From 15 to 24 years","Percentage of total population","Males","Total employment (resident population concept - LFS)","25.5"
"2016","Portugal","From 15 to 24 years","Percentage of total population","Females","Total employment (resident population concept - LFS)","22.3"
"2016","Romania","From 15 to 24 years","Percentage of total population","Males","Total employment (resident population concept - LFS)","27.2"
"2016","Romania","From 15 to 24 years","Percentage of total population","Females","Total employment (resident population concept - LFS)","17.1"
"2016","Slovenia","From 15 to 24 years","Percentage of total population","Males","Total employment (resident population concept - LFS)","31.1"
"2016","Slovenia","From 15 to 24 years","Percentage of total population","Females","Total employment (resident population concept - LFS)","26.1"
"2016","Slovakia","From 15 to 24 years","Percentage of total population","Males","Total employment (resident population concept - LFS)","31.9"
"2016","Slovakia","From 15 to 24 years","Percentage of total population","Females","Total employment (resident population concept - LFS)","18.2"
"2016","Finland","From 15 to 24 years","Percentage of total population","Males","Total employment (resident population concept - LFS)","40.1"
"2016","Finland","From 15 to 24 years","Percentage of total population","Females","Total employment (resident population concept - LFS)","43.3"
"2016","Sweden","From 15 to 24 years","Percentage of total population","Males","Total employment (resident population concept - LFS)","43.1"
"2016","Sweden","From 15 to 24 years","Percentage of total population","Females","Total employment (resident population concept - LFS)","45.9"
"2016","United Kingdom","From 15 to 24 years","Percentage of total population","Males","Total employment (resident population concept - LFS)","50.4"
"2016","United Kingdom","From 15 to 24 years","Percentage of total population","Females","Total employment (resident population concept - LFS)","51.1"
"2016","Iceland","From 15 to 24 years","Percentage of total population","Males","Total employment (resident population concept - LFS)","77.1"
"2016","Iceland","From 15 to 24 years","Percentage of total population","Females","Total employment (resident population concept - LFS)","78.2"
"2016","Norway","From 15 to 24 years","Percentage of total population","Males","Total employment (resident population concept - LFS)","47.0"
"2016","Norway","From 15 to 24 years","Percentage of total population","Females","Total employment (resident population concept - LFS)","50.1"
"2016","Switzerland","From 15 to 24 years","Percentage of total population","Males","Total employment (resident population concept - LFS)","61.8"
"2016","Switzerland","From 15 to 24 years","Percentage of total population","Females","Total employment (resident population concept - LFS)","63.2"
"2016","Turkey","From 15 to 24 years","Percentage of total population","Males","Total employment (resident population concept - LFS)","44.9"
"2016","Turkey","From 15 to 24 years","Percentage of total population","Females","Total employment (resident population concept - LFS)","23.2"
"2017","European Union - 28 countries","From 15 to 24 years","Percentage of total population","Males","Total employment (resident population concept - LFS)","36.4"
"2017","European Union - 28 countries","From 15 to 24 years","Percentage of total population","Females","Total employment (resident population concept - LFS)","32.9"
"2017","Belgium","From 15 to 24 years","Percentage of total population","Males","Total employment (resident population concept - LFS)","24.4"
"2017","Belgium","From 15 to 24 years","Percentage of total population","Females","Total employment (resident population concept - LFS)","20.9"
"2017","Bulgaria","From 15 to 24 years","Percentage of total population","Males","Total employment (resident population concept - LFS)","26.5"
"2017","Bulgaria","From 15 to 24 years","Percentage of total population","Females","Total employment (resident population concept - LFS)","19.1"
"2017","Czechia","From 15 to 24 years","Percentage of total population","Males","Total employment (resident population concept - LFS)","33.8"
"2017","Czechia","From 15 to 24 years","Percentage of total population","Females","Total employment (resident population concept - LFS)","24.3"
"2017","Denmark","From 15 to 24 years","Percentage of total population","Males","Total employment (resident population concept - LFS)","55.3"
"2017","Denmark","From 15 to 24 years","Percentage of total population","Females","Total employment (resident population concept - LFS)","57.3"
"2017","Germany (until 1990 former territory of the FRG)","From 15 to 24 years","Percentage of total population","Males","Total employment (resident population concept - LFS)","47.4"
"2017","Germany (until 1990 former territory of the FRG)","From 15 to 24 years","Percentage of total population","Females","Total employment (resident population concept - LFS)","45.5"
"2017","Estonia","From 15 to 24 years","Percentage of total population","Males","Total employment (resident population concept - LFS)","42.8"
"2017","Estonia","From 15 to 24 years","Percentage of total population","Females","Total employment (resident population concept - LFS)","38.2"
"2017","Ireland","From 15 to 24 years","Percentage of total population","Males","Total employment (resident population concept - LFS)","40.2"
"2017","Ireland","From 15 to 24 years","Percentage of total population","Females","Total employment (resident population concept - LFS)","39.7"
"2017","Greece","From 15 to 24 years","Percentage of total population","Males","Total employment (resident population concept - LFS)","15.9"
"2017","Greece","From 15 to 24 years","Percentage of total population","Females","Total employment (resident population concept - LFS)","12.4"
"2017","Spain","From 15 to 24 years","Percentage of total population","Males","Total employment (resident population concept - LFS)","21.2"
"2017","Spain","From 15 to 24 years","Percentage of total population","Females","Total employment (resident population concept - LFS)","19.7"
"2017","France","From 15 to 24 years","Percentage of total population","Males","Total employment (resident population concept - LFS)","31.0"
"2017","France","From 15 to 24 years","Percentage of total population","Females","Total employment (resident population concept - LFS)","26.3"
"2017","Croatia","From 15 to 24 years","Percentage of total population","Males","Total employment (resident population concept - LFS)","29.8"
"2017","Croatia","From 15 to 24 years","Percentage of total population","Females","Total employment (resident population concept - LFS)","21.8"
"2017","Italy","From 15 to 24 years","Percentage of total population","Males","Total employment (resident population concept - LFS)","20.1"
"2017","Italy","From 15 to 24 years","Percentage of total population","Females","Total employment (resident population concept - LFS)","13.9"
"2017","Latvia","From 15 to 24 years","Percentage of total population","Males","Total employment (resident population concept - LFS)","35.0"
"2017","Latvia","From 15 to 24 years","Percentage of total population","Females","Total employment (resident population concept - LFS)","30.9"
"2017","Lithuania","From 15 to 24 years","Percentage of total population","Males","Total employment (resident population concept - LFS)","32.3"
"2017","Lithuania","From 15 to 24 years","Percentage of total population","Females","Total employment (resident population concept - LFS)","28.4"
"2017","Luxembourg","From 15 to 24 years","Percentage of total population","Males","Total employment (resident population concept - LFS)","27.0"
"2017","Luxembourg","From 15 to 24 years","Percentage of total population","Females","Total employment (resident population concept - LFS)","24.5"
"2017","Hungary","From 15 to 24 years","Percentage of total population","Males","Total employment (resident population concept - LFS)","32.9"
"2017","Hungary","From 15 to 24 years","Percentage of total population","Females","Total employment (resident population concept - LFS)","24.8"
"2017","Netherlands","From 15 to 24 years","Percentage of total population","Males","Total employment (resident population concept - LFS)","61.0"
"2017","Netherlands","From 15 to 24 years","Percentage of total population","Females","Total employment (resident population concept - LFS)","63.6"
"2017","Austria","From 15 to 24 years","Percentage of total population","Males","Total employment (resident population concept - LFS)","52.1"
"2017","Austria","From 15 to 24 years","Percentage of total population","Females","Total employment (resident population concept - LFS)","49.0"
"2017","Poland","From 15 to 24 years","Percentage of total population","Males","Total employment (resident population concept - LFS)","33.9"
"2017","Poland","From 15 to 24 years","Percentage of total population","Females","Total employment (resident population concept - LFS)","25.2"
"2017","Portugal","From 15 to 24 years","Percentage of total population","Males","Total employment (resident population concept - LFS)","27.6"
"2017","Portugal","From 15 to 24 years","Percentage of total population","Females","Total employment (resident population concept - LFS)","24.1"
"2017","Romania","From 15 to 24 years","Percentage of total population","Males","Total employment (resident population concept - LFS)","28.4"
"2017","Romania","From 15 to 24 years","Percentage of total population","Females","Total employment (resident population concept - LFS)","20.4"
"2017","Slovenia","From 15 to 24 years","Percentage of total population","Males","Total employment (resident population concept - LFS)","38.6"
"2017","Slovenia","From 15 to 24 years","Percentage of total population","Females","Total employment (resident population concept - LFS)","30.4"
"2017","Slovakia","From 15 to 24 years","Percentage of total population","Males","Total employment (resident population concept - LFS)","32.4"
"2017","Slovakia","From 15 to 24 years","Percentage of total population","Females","Total employment (resident population concept - LFS)","21.1"
"2017","Finland","From 15 to 24 years","Percentage of total population","Males","Total employment (resident population concept - LFS)","41.4"
"2017","Finland","From 15 to 24 years","Percentage of total population","Females","Total employment (resident population concept - LFS)","43.7"
"2017","Sweden","From 15 to 24 years","Percentage of total population","Males","Total employment (resident population concept - LFS)","43.9"
"2017","Sweden","From 15 to 24 years","Percentage of total population","Females","Total employment (resident population concept - LFS)","46.0"
"2017","United Kingdom","From 15 to 24 years","Percentage of total population","Males","Total employment (resident population concept - LFS)","50.3"
"2017","United Kingdom","From 15 to 24 years","Percentage of total population","Females","Total employment (resident population concept - LFS)","50.8"
"2017","Iceland","From 15 to 24 years","Percentage of total population","Males","Total employment (resident population concept - LFS)","75.1"
"2017","Iceland","From 15 to 24 years","Percentage of total population","Females","Total employment (resident population concept - LFS)","76.6"
"2017","Norway","From 15 to 24 years","Percentage of total population","Males","Total employment (resident population concept - LFS)","47.3"
"2017","Norway","From 15 to 24 years","Percentage of total population","Females","Total employment (resident population concept - LFS)","49.1"
"2017","Switzerland","From 15 to 24 years","Percentage of total population","Males","Total employment (resident population concept - LFS)","63.9"
"2017","Switzerland","From 15 to 24 years","Percentage of total population","Females","Total employment (resident population concept - LFS)","62.4"
"2017","Turkey","From 15 to 24 years","Percentage of total population","Males","Total employment (resident population concept - LFS)","45.4"
"2017","Turkey","From 15 to 24 years","Percentage of total population","Females","Total employment (resident population concept - LFS)","23.0"
"2018","European Union - 28 countries","From 15 to 24 years","Percentage of total population","Males","Total employment (resident population concept - LFS)","37.4"
"2018","European Union - 28 countries","From 15 to 24 years","Percentage of total population","Females","Total employment (resident population concept - LFS)","33.4"
"2018","Belgium","From 15 to 24 years","Percentage of total population","Males","Total employment (resident population concept - LFS)","26.4"
"2018","Belgium","From 15 to 24 years","Percentage of total population","Females","Total employment (resident population concept - LFS)","23.5"
"2018","Bulgaria","From 15 to 24 years","Percentage of total population","Males","Total employment (resident population concept - LFS)","24.2"
"2018","Bulgaria","From 15 to 24 years","Percentage of total population","Females","Total employment (resident population concept - LFS)","17.0"
"2018","Czechia","From 15 to 24 years","Percentage of total population","Males","Total employment (resident population concept - LFS)","32.2"
"2018","Czechia","From 15 to 24 years","Percentage of total population","Females","Total employment (resident population concept - LFS)","24.3"
"2018","Denmark","From 15 to 24 years","Percentage of total population","Males","Total employment (resident population concept - LFS)","55.8"
"2018","Denmark","From 15 to 24 years","Percentage of total population","Females","Total employment (resident population concept - LFS)","58.8"
"2018","Germany (until 1990 former territory of the FRG)","From 15 to 24 years","Percentage of total population","Males","Total employment (resident population concept - LFS)","48.8"
"2018","Germany (until 1990 former territory of the FRG)","From 15 to 24 years","Percentage of total population","Females","Total employment (resident population concept - LFS)","45.4"
"2018","Estonia","From 15 to 24 years","Percentage of total population","Males","Total employment (resident population concept - LFS)","43.5"
"2018","Estonia","From 15 to 24 years","Percentage of total population","Females","Total employment (resident population concept - LFS)","39.9"
"2018","Ireland","From 15 to 24 years","Percentage of total population","Males","Total employment (resident population concept - LFS)","41.2"
"2018","Ireland","From 15 to 24 years","Percentage of total population","Females","Total employment (resident population concept - LFS)","39.3"
"2018","Greece","From 15 to 24 years","Percentage of total population","Males","Total employment (resident population concept - LFS)","15.9"
"2018","Greece","From 15 to 24 years","Percentage of total population","Females","Total employment (resident population concept - LFS)","12.0"
"2018","Spain","From 15 to 24 years","Percentage of total population","Males","Total employment (resident population concept - LFS)","22.7"
"2018","Spain","From 15 to 24 years","Percentage of total population","Females","Total employment (resident population concept - LFS)","20.5"
"2018","France","From 15 to 24 years","Percentage of total population","Males","Total employment (resident population concept - LFS)","32.4"
"2018","France","From 15 to 24 years","Percentage of total population","Females","Total employment (resident population concept - LFS)","27.2"
"2018","Croatia","From 15 to 24 years","Percentage of total population","Males","Total employment (resident population concept - LFS)","30.5"
"2018","Croatia","From 15 to 24 years","Percentage of total population","Females","Total employment (resident population concept - LFS)","20.3"
"2018","Italy","From 15 to 24 years","Percentage of total population","Males","Total employment (resident population concept - LFS)","20.8"
"2018","Italy","From 15 to 24 years","Percentage of total population","Females","Total employment (resident population concept - LFS)","14.3"
"2018","Latvia","From 15 to 24 years","Percentage of total population","Males","Total employment (resident population concept - LFS)","35.5"
"2018","Latvia","From 15 to 24 years","Percentage of total population","Females","Total employment (resident population concept - LFS)","30.6"
"2018","Lithuania","From 15 to 24 years","Percentage of total population","Males","Total employment (resident population concept - LFS)","34.1"
"2018","Lithuania","From 15 to 24 years","Percentage of total population","Females","Total employment (resident population concept - LFS)","30.6"
"2018","Luxembourg","From 15 to 24 years","Percentage of total population","Males","Total employment (resident population concept - LFS)","28.4"
"2018","Luxembourg","From 15 to 24 years","Percentage of total population","Females","Total employment (resident population concept - LFS)","28.4"
"2018","Hungary","From 15 to 24 years","Percentage of total population","Males","Total employment (resident population concept - LFS)","33.4"
"2018","Hungary","From 15 to 24 years","Percentage of total population","Females","Total employment (resident population concept - LFS)","24.3"
"2018","Netherlands","From 15 to 24 years","Percentage of total population","Males","Total employment (resident population concept - LFS)","62.8"
"2018","Netherlands","From 15 to 24 years","Percentage of total population","Females","Total employment (resident population concept - LFS)","65.2"
"2018","Austria","From 15 to 24 years","Percentage of total population","Males","Total employment (resident population concept - LFS)","53.9"
"2018","Austria","From 15 to 24 years","Percentage of total population","Females","Total employment (resident population concept - LFS)","48.7"
"2018","Poland","From 15 to 24 years","Percentage of total population","Males","Total employment (resident population concept - LFS)","34.7"
"2018","Poland","From 15 to 24 years","Percentage of total population","Females","Total employment (resident population concept - LFS)","27.0"
"2018","Portugal","From 15 to 24 years","Percentage of total population","Males","Total employment (resident population concept - LFS)","29.3"
"2018","Portugal","From 15 to 24 years","Percentage of total population","Females","Total employment (resident population concept - LFS)","25.1"
"2018","Romania","From 15 to 24 years","Percentage of total population","Males","Total employment (resident population concept - LFS)","28.9"
"2018","Romania","From 15 to 24 years","Percentage of total population","Females","Total employment (resident population concept - LFS)","20.3"
"2018","Slovenia","From 15 to 24 years","Percentage of total population","Males","Total employment (resident population concept - LFS)","38.9"
"2018","Slovenia","From 15 to 24 years","Percentage of total population","Females","Total employment (resident population concept - LFS)","31.1"
"2018","Slovakia","From 15 to 24 years","Percentage of total population","Males","Total employment (resident population concept - LFS)","34.0"
"2018","Slovakia","From 15 to 24 years","Percentage of total population","Females","Total employment (resident population concept - LFS)","20.6"
"2018","Finland","From 15 to 24 years","Percentage of total population","Males","Total employment (resident population concept - LFS)","42.6"
"2018","Finland","From 15 to 24 years","Percentage of total population","Females","Total employment (resident population concept - LFS)","45.5"
"2018","Sweden","From 15 to 24 years","Percentage of total population","Males","Total employment (resident population concept - LFS)","43.6"
"2018","Sweden","From 15 to 24 years","Percentage of total population","Females","Total employment (resident population concept - LFS)","46.8"
"2018","United Kingdom","From 15 to 24 years","Percentage of total population","Males","Total employment (resident population concept - LFS)","51.4"
"2018","United Kingdom","From 15 to 24 years","Percentage of total population","Females","Total employment (resident population concept - LFS)","49.9"
"2018","Iceland","From 15 to 24 years","Percentage of total population","Males","Total employment (resident population concept - LFS)","74.5"
"2018","Iceland","From 15 to 24 years","Percentage of total population","Females","Total employment (resident population concept - LFS)","76.4"
"2018","Norway","From 15 to 24 years","Percentage of total population","Males","Total employment (resident population concept - LFS)","48.4"
"2018","Norway","From 15 to 24 years","Percentage of total population","Females","Total employment (resident population concept - LFS)","49.8"
"2018","Switzerland","From 15 to 24 years","Percentage of total population","Males","Total employment (resident population concept - LFS)","62.6"
"2018","Switzerland","From 15 to 24 years","Percentage of total population","Females","Total employment (resident population concept - LFS)","62.6"
"2018","Turkey","From 15 to 24 years","Percentage of total population","Males","Total employment (resident population concept - LFS)","46.3"
"2018","Turkey","From 15 to 24 years","Percentage of total population","Females","Total employment (resident population concept - LFS)","23.3"
